,ID,First Line,Domain,Rank
0,0,BILINGUAL LANGUAGE ARTS SIXTH GRADE TEACHER,Teacher,2
1,1,MORTGAGE BANKING DEFAULT OPERATIONS SPECIALIST II,Finance,2
2,2,GUEST LECTURER,Teacher,2
3,3,ACCOUNTANT,Finance,2
4,4,STAFF ACCOUNTANT,Finance,2
5,5,HR - SHARED SERVICES SUPERVISOR,Human Resource (Recruiting Team),2
6,6,ORGANIZER AND CAPACITY BUILDING STRATEGIST,Tech Team,2
7,7,HR DIRECTOR,Human Resource (Recruiting Team),1
9,9,MEMBER SERVICES REPRESENTATIVE,Supporting People,2
10,10,OPERATIONS MANAGER,Management Team,2
11,11,BANKING RELATIONSHIP SPECIALIST,Finance,2
12,12,PARTNER ACCOUNT MANAGER,Management Team,2
13,13,HEALTHCARE RECRUITER,Tech Team,2
14,14,FLOATER/TEACHER,Teacher,2
15,15,FINANCE AND OPERATIONS MANAGER,Finance,2
17,17,FINANCE MANAGER,Finance,2
18,18,SUPPORT & NETWORK SERVICES INTERN,Supporting People,4
19,19,BANKING OFFICER,Finance,2
20,20,HR MANAGER,Human Resource (Recruiting Team),2
21,21,HR GENERALIST/RECRUITER,Tech Team,2
23,23,ASSISTANT VICE PRESIDENT,Supporting People,1
24,24,DIRECTOR OF FINANCE,Finance,1
25,25,HEALTHCARE CONSULTANT,Consultancy,2
26,26,HR MANAGER,Human Resource (Recruiting Team),2
27,27,GROUP FITNESS COORDINATOR,Tech Team,3
29,29,INFORMATION TECHNOLOGY SPECIALIST,Tech Team,2
30,30,PROJECT ACCOUNTANT,Finance,2
31,31,"PLATFORM ARCHITECT, HEALTHCARE INCUBATION LAB (HIL)",Tech Team,2
32,32,VOLUNTEER HR -IVOLUNTEER,Human Resource (Recruiting Team),2
33,33,ACCOUNTANT,Finance,2
34,34,WORKING RF SYSTEMS ENGINEER,Tech Team,2
35,35,PERSONNEL SECURITY SPECIALIST,Tech Team,2
36,36,SUPERVISOR,Management Team,2
39,39,"BANKING CENTER MANAGER, ASSISTANT VICE PRESIDENT",Finance,1
42,42,ASSISTANT MANAGER - HR,Human Resource (Recruiting Team),2
43,43,HR COORDINATOR,Human Resource (Recruiting Team),3
44,44,SALES & CUSTOMER SERVICE REP,Supporting People,2
45,45,FITNESS STAFF,Tech Team,2
46,46,GENERAL ACCOUNTANT,Finance,2
47,47,ACCOUNTANT,Finance,2
50,50,HIGHLY ACCOMPLISHED HEALTHCARE ANALYST,Tech Team,2
51,51,INFORMATION TECHNOLOGY SPECIALIST,Tech Team,2
52,52,CORPORATE ACCOUNTANT,Finance,2
53,53,RECEIVING MANAGER,Management Team,2
54,54,ACCOUNTANT,Finance,2
55,55,"MORTGAGE GROUP OPERATIONS MANAGER, BANKING OFFICER",Finance,2
56,56,INFORMATION TECHNOLOGY SUPPORT SPECIALISTNETWORK SPECIALIST PC TECHNICIAN IT CONSULTANT,Tech Team,2
57,57,MANAGER,Management Team,2
58,58,HR DIRECTOR,Human Resource (Recruiting Team),1
59,59,FITNESS DIRECTOR,Tech Team,1
61,61,MAINTENANCE SPECIALIST/TECHNICIAN,Supporting People,2
64,64,TRANSITIONAL HOUSING ADVOCATE,Tech Team,2
65,65,LICENSED UNITED HEALTHCARE INSURANCE SALES AGENT,Tech Team,2
66,66,ACCOUNTANT,Finance,2
67,67,IT TECHNOLOGY SPECIALIST,Tech Team,2
68,68,SENIOR HR BUSINESS PARTNER,Human Resource (Recruiting Team),1
69,69,CUSTOMER SERVICE REPRESENTATIVE,Supporting People,2
71,71,HR COORDINATOR,Human Resource (Recruiting Team),3
73,73,SERVICE REPRESENTATIVE,Supporting People,2
74,74,INFORMATION TECHNOLOGY ADMINISTRATOR,Tech Team,2
75,75,GENERAL ACCOUNTANT,Finance,2
76,76,INFORMATION TECHNOLOGY COORDINATOR,Tech Team,3
77,77,CLIENT ADVOCATE / ESCALATION SPECIALIST,Supporting People,2
78,78,GROUP FITNESS INSTRUCTOR,Tech Team,2
81,81,GLOBAL IT PROJECT MANAGER,Tech Team,2
82,82,INFORMATION TECHNOLOGY COORDINATOR,Tech Team,3
84,84,"READING, SPEECH & LANGUAGE ARTS TEACHER",Teacher,2
85,85,PURCHASER / PRODUCTION COORDINATOR,Supporting People,3
86,86,ADMINISTRATIVE ASSISTANT,Supporting People,3
88,88,NIGHT SERVICE REPRESENTATIVE,Supporting People,2
89,89,DISABILITY ADVOCATE,Tech Team,2
90,90,HR ASSISTANT/PAYROLL,Human Resource (Recruiting Team),3
91,91,HR PROFESSIONAL,Human Resource (Recruiting Team),2
92,92,ACCOUNTANT II,Finance,2
93,93,HR MANAGER,Human Resource (Recruiting Team),2
95,95,LINE SERVICE TECHNICIAN,Supporting People,2
96,96,INFORMATION TECHNOLOGY MANAGER,Tech Team,2
97,97,DIRECTOR OF AVIATION AND SAFETY,Management Team,1
98,98,FINANCE MANAGER,Finance,2
99,99,FINANCE ACCOUNTANT,Finance,2
100,100,PRESIDENT/CHIEF EXECUTIVE OFFICER,Management Team,1
101,101,CHIEF EXECUTIVE OFFICER,Management Team,1
102,102,ASSISTANT BANKING CENTER MANAGER,Finance,2
103,103,ACCOUNTANT,Finance,2
106,106,FINANCE DIRECTOR AND TREASURER,Finance,1
107,107,FINANCE OFFICER,Finance,2
108,108,"PERSONAL TRAINER, GROUP FITNESS INSTRUCTOR",Tech Team,2
109,109,PRINCIPAL ACCOUNTANT,Finance,2
110,110,PROJECT MANAGER,Management Team,2
111,111,HOSPITAL & PHYSICIAN BILLING SPECIALIST,Tech Team,2
112,112,COLLEGE ASSISTANT,Supporting People,3
113,113,FINANCIAL ACCOUNTANT,Finance,2
114,114,SENIOR VP - INFORMATION TECHNOLOGY,Tech Team,1
115,115,BRANCH LOGISTICS MANAGER,Management Team,2
116,116,HR ASSISTANT,Human Resource (Recruiting Team),3
117,117,ASP.NET WEB DEVELOPER,Tech Team,2
118,118,LEAD ADMINISTRATOR,Management Team,1
119,119,TERRITORY HR MANAGER,Tech Team,2
122,122,ACCOUNTANT,Finance,2
123,123,BUSINESS BANKING SPECIALIST,Finance,2
127,127,ACCOUNTANT,Finance,2
129,129,SENIOR EXECUTIVE - FINANCE,Finance,1
131,131,SENIOR HR MANAGER,Human Resource (Recruiting Team),1
132,132,SENIOR DIRECTOR OF FINANCE,Finance,1
133,133,OPERATION MANAGER,Management Team,2
135,135,CHIEF OPERATING OFFICER,Management Team,1
136,136,HR CONSULTING,Human Resource (Recruiting Team),2
137,137,ACCOUNTANT,Finance,2
139,139,HR CONSULTANT,Consultancy,2
140,140,SECRETARY - FINANCE DIVISION,Finance,2
142,142,HR REPRESENTATIVE,Human Resource (Recruiting Team),2
143,143,FINANCE MANAGER,Finance,2
144,144,CREATIVE DIRECTOR,Management Team,1
145,145,LICENSED UNITED HEALTHCARE INSURANCE SALES AGENT,Tech Team,2
146,146,OPERATIONS MANAGER,Management Team,2
147,147,FINANCE CONTROLLER,Finance,2
149,149,HR REPRESENTATIVE,Human Resource (Recruiting Team),2
150,150,DIRECTOR OF APPLICATIONS,Management Team,1
152,152,ACCOUNTANT,Finance,2
153,153,FINANCE ANALYST,Tech Team,2
154,154,ACCOUNTANT,Finance,2
155,155,SALE CONSULTANT,Consultancy,2
156,156,FINANCE DIRECTOR,Finance,1
157,157,TALENTED ARTS PROGRAM INSTRUCTIONAL COORDINATOR,Supporting People,3
158,158,CUSTOMER SERVICE ADVOCATE II,Supporting People,2
159,159,VISUAL ARTS TEACHER,Teacher,2
160,160,BANKING,Finance,2
161,161,FAMILY AND COMMUNITY ADVOCATE,Tech Team,2
164,164,RETAIL BANKING DIRECTOR,Finance,1
165,165,KEY ACCOUNT MANAGER,Management Team,2
166,166,MEDICAL BILLING SPECIALIST,Supporting People,2
169,169,INFORMATION TECHNOLOGY MANAGER / NETWORK ENGINEER,Tech Team,2
171,171,WAREHOUSE LEAD,Management Team,1
172,172,HR ASSISTANT,Human Resource (Recruiting Team),3
173,173,ENGLISH LANGUAGE ARTS TEACHER,Teacher,2
174,174,FINANCE COORDINATOR,Finance,3
175,175,BANKING,Finance,2
176,176,BENEFIT ADVOCATE SUPERVISOR,Tech Team,2
177,177,SALES & SERVICE ASSOCIATE,Supporting People,3
179,179,PROGRAM MANAGER,Management Team,2
180,180,HR EXECUTIVE,Human Resource (Recruiting Team),2
181,181,STAFF ACCOUNTANT,Finance,2
182,182,INFORMATION TECHNOLOGY (IT) SPECIALIST,Tech Team,2
183,183,HR DIRECTOR,Human Resource (Recruiting Team),1
185,185,TUTORING CONSULTANT,Consultancy,2
186,186,DIRECTOR OF HR,Human Resource (Recruiting Team),1
188,188,FINANCE ASSISTANT,Finance,3
189,189,GLOBAL FINANCE ACCOUNTANT,Finance,2
190,190,REGIONAL HR DEPUTY MANAGER,Human Resource (Recruiting Team),2
191,191,FINANCE MANAGER,Finance,2
192,192,HUMAN RESOURCES PROFESSIONAL,Human Resource (Recruiting Team),2
193,193,HR CLERK,Human Resource (Recruiting Team),4
194,194,ACCOUNTANT,Finance,2
195,195,INFORMATION TECHNOLOGY SPECIALIST,Tech Team,2
196,196,POSTAL SUPPORT EMPLOYEE,Supporting People,2
197,197,VICE PRESIDENT-BUSINESS BANKING SALES MANAGER AND HEALTHCARE SPECIALTY BANKER,Finance,1
198,198,FINANCE BUSINESS PARTNER,Finance,2
199,199,OPERATIONS RESEARCH ANALYST,Tech Team,2
200,200,AVIATION SUPPLY SPECIALIST,Supporting People,2
201,201,AVIATION SAFETY ASSISTANT,Supporting People,3
202,202,SOFTWARE QUALITY ASSURANCE ANALYST II,Tech Team,2
203,203,DIRECTOR OF FINANCE,Finance,1
204,204,HR MANAGER,Human Resource (Recruiting Team),2
205,205,ACCOUNTANT,Finance,2
206,206,FINANCIAL ANALYST,Tech Team,2
207,207,"GOVERNMENT RELATIONS, COMMUNICATIONS AND ORGANIZATIONAL DEVELOPMENT DIRECTOR",Management Team,1
208,208,PERSONAL TRAINER,Teacher,2
209,209,VP OF FINANCE,Finance,1
210,210,SOFTWARE ENGINEER,Tech Team,2
213,213,ASSISTANT DIRECTOR,Management Team,1
214,214,ACCOUNTANT,Finance,2
215,215,SENIOR ACCOUNTANT,Finance,1
216,216,SENIOR SALES MANAGEMENT CONSULTANT,Consultancy,1
217,217,ACCOUNTANT,Finance,2
218,218,DIRECTOR OF THEATER,Management Team,1
219,219,HR ASSOCIATE MOBILIZATION COORDINATOR,Human Resource (Recruiting Team),3
220,220,DIRECTOR OF INFORMATION TECHNOLOGY AND ANALYTICS,Tech Team,1
221,221,PROJECT COORDINATOR,Supporting People,3
222,222,HEALTHCARE CONSULTANT,Consultancy,2
223,223,GROUP EXERCISE FITNESS INSTRUCTOR,Tech Team,2
224,224,LANGUAGE ARTS TEACHER,Teacher,2
225,225,HR BUSINESS PARTNER,Human Resource (Recruiting Team),2
226,226,PROGRAMME FINANCE ASSOCIATE,Finance,3
227,227,INFORMATION TECHNOLOGY CERTIFIED TECHNICIAN,Tech Team,2
228,228,PROJECT ACCOUNTANT,Finance,2
229,229,HR SPECIALIST,Human Resource (Recruiting Team),2
233,233,PROJECT COORDINATOR,Supporting People,3
234,234,UNMANNED AVIATION TECHNICIAN SUPERVISOR,Management Team,2
235,235,HR MANAGER/GENERALIST,Human Resource (Recruiting Team),2
236,236,ENGLISH LANGUAGE ARTS TEACHER,Teacher,2
237,237,STUDENT TEACHER,Teacher,2
238,238,HR GENERALIST,Human Resource (Recruiting Team),2
239,239,AVID TUTOR,Teacher,2
240,240,HR SERVICES REPRESENTATIVE,Human Resource (Recruiting Team),2
242,242,GLOBAL HR MANAGER,Human Resource (Recruiting Team),2
243,243,FIELD PROJECT SUPERVISOR,Management Team,2
244,244,TRAINING MANAGER,Management Team,2
245,245,EMPLOYEE RELATIONS CONSULTANT,Consultancy,2
246,246,ACCOUNTANT II,Finance,2
248,248,INFORMATION TECHNOLOGY SPECIALIST,Tech Team,2
251,251,PRACTICE MANAGER,Management Team,2
252,252,ELECTRONIC HEALTH RECORD OPTIMIZATION SPECIALIST,Supporting People,2
253,253,"MANAGER, CONTINUOUS IMPROVEMENT",Management Team,2
255,255,STAFF ACCOUNTANT,Finance,2
256,256,ACCOUNTANT,Finance,2
257,257,"CORPORATE BANKING ASSISTANT, INTERN",Finance,3
258,258,"MANAGER, FINANCE",Finance,2
259,259,SENIOR ACCOUNTANT,Finance,1
261,261,FINANCE MANAGER,Finance,2
262,262,ADMINISTRATIVE ASSISTANT DIRECTOR HUMAN RESOURCES MANAGER PRODUCTION MANAGER ENGINEERING,Tech Team,1
263,263,GENERAL ACCOUNTANT,Finance,2
264,264,CUSTOMER SERVICE REPRESENTATIVE,Supporting People,2
265,265,INFORMATION TECHNOLOGY INTERN (TEST AUTOMATION ENGINEER),Tech Team,4
266,266,FINANCE SPECIALIST,Finance,2
267,267,CUSTOMER SERVICE ADVOCATE,Supporting People,2
268,268,INTERNATIONAL CERTIFICATION PROGRAM MANAGEMENT,Management Team,4
269,269,"SUPERVISOR, ACCOUNTANT",Finance,2
270,270,HR CUSTOMER SERVICE REPRESENTATIVE,Human Resource (Recruiting Team),2
271,271,FINANCE DIRECTOR,Finance,1
272,272,HR BUSINESS PARTNER II,Human Resource (Recruiting Team),2
273,273,MARKETING MANAGER,Management Team,2
274,274,OPERATIONS MANAGER,Management Team,2
276,276,FINANCE MANAGER,Finance,2
277,277,HUMAN RESOURCES MANAGER,Human Resource (Recruiting Team),2
278,278,INVESTMENT BANKING SUMMER ANALYST,Tech Team,2
279,279,INFORMATION TECHNOLOGY SPECIALIST,Tech Team,2
280,280,"FACULTY, CLINICAL INSTRUCTOR, & CLINICAL COORDINATOR",Supporting People,3
281,281,INFORMATION TECHNOLOGY MANAGER/ANALYST,Tech Team,2
282,282,SENIOR ACCOUNTANT,Finance,1
283,283,ACCOUNTANT,Finance,2
284,284,GENERAL MANAGER,Management Team,2
285,285,OPERATIONS MANAGER,Management Team,2
286,286,FINANCE DIRECTOR,Finance,1
287,287,EXECUTIVE DIRECTOR,Management Team,1
288,288,ARTS EDUCATOR,Teacher,2
289,289,BRANCH BANKING COORDINATOR,Finance,3
291,291,FITNESS INSTRUCTOR,Tech Team,2
292,292,FINANCE SPECIALIST,Finance,2
293,293,DANCE INSTRUCTOR,Teacher,2
294,294,ADMINISTRATIVE MANAGER,Management Team,2
295,295,PRODUCTION SUPERVISOR / VALUE STREAM LEADER,Management Team,1
296,296,ADMINISTRATIVE ASSISTANT,Supporting People,3
297,297,HR GENERALIST,Human Resource (Recruiting Team),2
298,298,OPERATIONS AND FINANCE MANAGER,Finance,2
299,299,ASSISTANT ACCOUNTANT,Finance,3
300,300,DIRECTOR OF FINANCE,Finance,1
301,301,STAFF ACCOUNTANT,Finance,2
302,302,HR MANAGER,Human Resource (Recruiting Team),2
303,303,HR CLERK,Human Resource (Recruiting Team),4
304,304,STAFF ACCOUNTANT,Finance,2
305,305,HR GENERALIST,Human Resource (Recruiting Team),2
306,306,LEAD INFORMATION TECHNOLOGY SUPPORT SPECIALIST,Tech Team,1
307,307,"DIRECTOR, FINANCE",Finance,1
308,308,INFORMATION TECHNOLOGY HELP DESK SPECIALIST,Tech Team,2
309,309,HR DIRECTOR/ADMINISTRATOR,Human Resource (Recruiting Team),1
310,310,ACCOUNTANT,Finance,2
311,311,AVIATION SUPPLY SPECIALIST,Supporting People,2
312,312,DIRECTOR OF INFORMATION TECHNOLOGY,Tech Team,1
313,313,FITNESS TRAINEE/RECREATION MANAGEMENT INTERN,Tech Team,4
314,314,SUBJECT MATTER EXPERT (INFORMATION TECHNOLOGY ASSISTANT),Tech Team,3
315,315,ACCOUNTANT,Finance,2
316,316,PACKAGING BUYER/RESEARCH AND DEVELOPMENT LEAD,Management Team,1
318,318,FINANCE MANAGER,Finance,2
319,319,HR ASSISTANT,Human Resource (Recruiting Team),3
320,320,RN / ASST. HEAD NURSE PRACTICE LEADER,Management Team,1
321,321,THEATER ARTS TEACHER & PROGRAM DIRECTOR,Management Team,1
322,322,PAYROLL ACCOUNTANT,Finance,2
323,323,"DIRECTOR, COMPOUNDING SALES SPECIALIST",Management Team,1
324,324,DIRECTOR OF FINANCE,Finance,1
325,325,ADVENTURE RUN COORDINATOR,Supporting People,3
327,327,INFORMATION TECHNOLOGY SPECIALIST,Tech Team,2
328,328,ADMINISTRATOR OF INFORMATION TECHNOLOGY,Tech Team,2
329,329,ARTS INSTRUCTOR,Teacher,2
330,330,HEALTH SYSTEMS ANALYST,Tech Team,2
331,331,CREATIVE ASSISTANT,Supporting People,3
332,332,PROJECT ACCOUNTANT,Finance,2
333,333,FINANCE SPECIALIST,Finance,2
334,334,"PROFESSIONAL FITNESS TRAINER, GROUP INSTRUCTOR",Tech Team,2
335,335,BANK OPERATIONS ANALYST,Tech Team,2
337,337,CUSTOMER SERVICE REPRESENTATIVE,Supporting People,2
338,338,CUSTOMER SERVICE ADVOCATE,Supporting People,2
339,339,RN/RN TEAM LEAD,Management Team,1
341,341,ADVISOR,Consultancy,2
342,342,STAFF ACCOUNTANT,Finance,2
343,343,HR CONSULTING,Human Resource (Recruiting Team),2
344,344,GROUP FITNESS INSTRUCTOR,Tech Team,2
346,346,ACCOUNTANT,Finance,2
347,347,INFORMATION TECHNOLOGY (INTERNSHIP),Tech Team,4
348,348,ADMINISTRATIVE ASSISTANT,Supporting People,3
349,349,CORPORATE DIRECTOR OF FINANCE,Finance,1
350,350,BUDGET FINANCE SPECIALIST SENIOR,Finance,1
351,351,CUSTOMER SERVICE SPECIALIST,Supporting People,2
352,352,VP OF INFORMATION TECHNOLOGY,Tech Team,1
353,353,DIRECTOR OF INFORMATION TECHNOLOGY,Tech Team,1
355,355,GROUP FITNESS INSTRUCTOR,Tech Team,2
356,356,YOGA INSTRUCTOR,Teacher,2
359,359,CONSULTANT,Consultancy,2
360,360,IT MANAGER,Tech Team,2
362,362,COMMUNITY RELATIONS ADVOCATE SUPERVISOR,Tech Team,2
363,363,GROUP FITNESS INSTRUCTOR,Tech Team,2
364,364,CLAIMS SERVICE SPECIALIST,Supporting People,2
365,365,SENIOR DIRECTOR OF BUSINESS OPERATIONS - HEALTHCARE,Management Team,1
366,366,HR GENERALIST,Human Resource (Recruiting Team),2
367,367,HR MANAGER,Human Resource (Recruiting Team),2
368,368,"MANAGER, DIGITAL MARKETING AND COMMUNICATIONS",Tech Team,2
369,369,DIRECTOR OF INFORMATION TECHNOLOGY,Tech Team,1
370,370,EXECUTIVE DIRECTOR,Management Team,1
371,371,SYSTEM ADMINISTRATOR/ASSISTANT SUPERVISOR,Management Team,2
372,372,HR MANAGER/BUSINESS PARTNER,Human Resource (Recruiting Team),2
373,373,CLINICAL RESEARCH COORDINATOR MENTOR - QUALITY ASSURANCE,Tech Team,3
374,374,"SENIOR COMMERCIAL BUSINESS BANKING RELATIONSHIP MANAGER, VP",Finance,1
376,376,HR COORDINATOR,Human Resource (Recruiting Team),3
377,377,FINANCE MANAGER,Finance,2
378,378,HR ANALYST,Tech Team,2
379,379,FINANCE ASSISTANT,Finance,3
380,380,SENIOR HR,Human Resource (Recruiting Team),1
381,381,SENIOR ACCOUNTANT,Finance,1
382,382,PH INPATIENT/FINANCIAL ADVOCATE SUPERVISOR,Finance,2
383,383,SENIOR NETWORK SECURITY ENGINEER,Tech Team,1
384,384,ACCOUNTANT,Finance,2
385,385,FITNESS CONSULTANT,Tech Team,2
386,386,LOGISTICS COORDINATOR,Supporting People,3
387,387,SENIOR ACCOUNTANT,Finance,1
388,388,INFORMATION TECHNOLOGY INSTRUCTOR,Tech Team,2
389,389,"VICE PRESIDENT, CORPORATE FINANCE",Finance,1
390,390,CENTER DIRECTOR/HEAD START FAMILY ADVOCATE,Management Team,1
391,391,8TH GRADE LANGUAGE ARTS TEACHER,Teacher,2
392,392,MANAGED PRESSURE DRILLING FIELD SUPERVISOR,Management Team,2
393,393,MARKETING AND CORPORATE COMMUNICATIONS MERCHANT SERVICES TRANSITION COMMUNICATIONS PROJECT,Tech Team,2
394,394,HR MANAGER,Human Resource (Recruiting Team),2
395,395,"COORDINATOR, DONOR RELATIONS",Supporting People,3
396,396,"SOHO PROPERTIES, SUMMER ANALYST",Tech Team,2
398,398,SERGEANT E-5 AVIATION SUPPLY SPECIALIST,Supporting People,2
399,399,CONSULTANT,Consultancy,2
400,400,INFORMATION TECHNOLOGY PROVISIONING TECHNICIAN,Tech Team,2
403,403,ACCOUNTANT,Finance,2
404,404,FINANCE OFFICER,Finance,2
406,406,MANAGER / FITNESS INSTRUCTOR,Tech Team,2
409,409,CUSTOMER SERVICE REP 1 LEAD QUALITY ASSURANCE COACH ACCOUNT RELATIONSHIP SPECIALIST ONLINE,Tech Team,1
410,410,EXECUTIVE ASSISTANT/OFFICE MANAGER,Management Team,2
411,411,"PROGRAM MANAGER FINANCIAL MANAGER, FACILITIES MANAGER",Tech Team,2
412,412,REGISTERED NURSE CLINICAL CARE COORDINATOR- FIRST AID,Supporting People,3
413,413,PRINCIPAL CONSULTANT,Consultancy,2
414,414,CERTIFIED NURSE ASSISTANT,Supporting People,3
416,416,PROJECT COORDINATOR ASSOCIATE,Supporting People,3
418,418,SENIOR INVESTMENT BANKING SALES ANALYST,Tech Team,1
420,420,CASE MANAGER/OUTREACH ADVOCATE,Management Team,2
421,421,INFORMATION TECHNOLOGY SUPERVISOR,Tech Team,2
422,422,HR CONSULTANT,Consultancy,2
424,424,SENIOR APPLICATION SPECIALIST,Supporting People,1
425,425,INFORMATION TECHNOLOGY MANAGER,Tech Team,2
426,426,LEAD ACCOUNTANT,Finance,1
427,427,COMMUNITY ADVOCATE,Tech Team,2
428,428,ACCOUNTANT,Finance,2
429,429,RECRUITER-IN-CHARGE,Tech Team,2
430,430,ACCOUNTANT I,Finance,2
431,431,ACCOUNTANT,Finance,2
432,432,EXECUTIVE DIRECTOR,Management Team,1
433,433,FIELD SUPPORT SPECILIST,Supporting People,2
434,434,Christopher Townes,Human Resource (Recruiting Team),2
435,435,ACCOUNTANT,Finance,2
436,436,FINANCE MANAGER,Finance,2
437,437,FINANCE BUSINESS PARTNER,Finance,2
440,440,FINANCE DIRECTOR,Finance,1
441,441,LEAD ENGINEER - FLUID SYSTEMS AND THERMAL ACCESSORIES,Tech Team,1
442,442,ASSISTANT OPERATIONS MANAGER,Management Team,2
443,443,BRANCH MANAGER,Management Team,2
444,444,MATERIAL CONTROL SPECIALIST,Supporting People,2
445,445,CLINICAL SERVICE ADVOCATE,Supporting People,2
446,446,HR PARTNER,Human Resource (Recruiting Team),2
447,447,NON COMMISSIONED SECURITY OFFICER,Tech Team,2
450,450,MECHANICAL DESIGN ENGINEER INTERN,Tech Team,4
451,451,"ASSISTANT, ACQUISITIONS AND DISPOSITIONS",Tech Team,3
452,452,FINANCE,Finance,2
453,453,AVIATION MAINTENANCE EGRESS LEADING PETTY OFFICER LEADING PETTY OFFICER,Management Team,1
454,454,OFFICE MANAGER,Management Team,2
455,455,ACCOUNTANT III,Finance,2
457,457,INFORMATION TECHNOLOGY INTERN,Tech Team,4
458,458,HR MANAGER,Human Resource (Recruiting Team),2
459,459,HR GENERALIST,Human Resource (Recruiting Team),2
460,460,NC AIR GUARD HEALTH SERVICES MANAGER,Management Team,2
461,461,SENIOR MEDICAL RECRUITER,Tech Team,1
462,462,REGIONAL BANKING DISTRICT MANAGER VICE PRESIDENT,Finance,1
464,464,CUSTOMER SERVICE REP,Supporting People,2
465,465,INFORMATION TECHNOLOGY SPECIALIST,Tech Team,2
466,466,PROJECT ANALYST,Tech Team,2
467,467,INFORMATION TECHNOLOGY SPECIALIST,Tech Team,2
468,468,INFORMATION TECHNOLOGY BUREAU DEPUTY DIRECTOR,Tech Team,1
470,470,HR GENERALIST,Human Resource (Recruiting Team),2
471,471,FINANCE OPERATIONS/ SUPERVISOR MANAGER,Finance,2
472,472,"DIRECTOR, VENDOR SERVICES AND COMPLIANCE",Management Team,1
473,473,GRANTS MANAGER,Management Team,2
475,475,FINANCE MANAGER,Finance,2
476,476,FITNESS INSTRUCTOR,Tech Team,2
477,477,BUDGET AND ADMINISTRATION MANAGER,Management Team,2
478,478,SUBSTITUTE TEACHER,Tech Team,2
479,479,FLIGHT MANAGER,Management Team,2
480,480,DIRECTOR OF FINANCE,Finance,1
481,481,HR EMPLOYEE RELATIONS SPECIALIST,Human Resource (Recruiting Team),2
482,482,FINANCE MANAGER,Finance,2
483,483,INFORMATION TECHNOLOGY SPECIALIST,Tech Team,2
484,484,COMBAT MARKSMANSHIP TRAINER/ PRIMARY MARKSMANSHIP INSTRUCTOR,Teacher,2
486,486,AVIATION SUPPLY SPECIALISTS,Supporting People,2
487,487,ACCOUNTANT,Finance,2
488,488,PROGRAM ASSISTANT,Supporting People,3
489,489,HR COORDINATOR,Human Resource (Recruiting Team),3
490,490,CUSTOMER SERVICE ADVOCATE,Supporting People,2
491,491,OCCUPATIONAL HEALTH NURSE COORDINATOR,Supporting People,3
492,492,MECHANICAL ENGINEER,Tech Team,2
494,494,INFORMATION TECHNOLOGY MANAGER,Tech Team,2
495,495,"HEAD, INFORMATION TECHNOLOGY AND INFORMATION CENTER",Tech Team,1
496,496,CONTRACT ACCOUNTANT,Finance,2
497,497,ACCOUNTANT II,Finance,2
498,498,DIRECTOR OF NATIONAL SALES- US. HEALTHCARE,Management Team,1
501,501,"MANAGER, ADVISORY, PERFORMANCE IMPROVEMENT",Consultancy,2
502,502,FINANCE MANAGER,Finance,2
503,503,HR GENERALIST,Human Resource (Recruiting Team),2
504,504,GRADUATE ENGINEER,Tech Team,2
505,505,ACCOUNTANT,Finance,2
506,506,FINANCE MANAGER,Finance,2
508,508,"PHARMACEUTICAL SALES REPRESENTATIVE, WOMEN'S HEALTHCARE SPECIALIST",Supporting People,2
509,509,HIRING MANAGER/RECRUITING MANAGER,Tech Team,2
510,510,TAX ACCOUNTANT,Finance,2
511,511,VP FINANCE & IS&T,Finance,1
512,512,HEALTHCARE EFFECTIVENESS AND INFORMATION SET COORDINATOR (HEDIS),Supporting People,3
513,513,INDEPENDENT CONSULTANT,Consultancy,2
514,514,HR SPECIALIST,Human Resource (Recruiting Team),2
516,516,ASSISTANT DIRECTOR OF FINANCE,Finance,1
517,517,FINANCIAL ANALYST INTERN,Tech Team,2
518,518,ADMIN OPERATING ROOM ADMINISTRATIVE COORDINATOR,Supporting People,3
520,520,AMC COMPUTER SPECIALIST AND INTERN,Supporting People,2
521,521,ASSISTANT TO CFO,Supporting People,3
522,522,INFORMATION TECHNOLOGY SPECIALIST,Tech Team,2
523,523,FINANCIAL CONSULTANT,Finance,2
524,524,EXPERIENCED INFORMATION TECHNOLOGY MANAGER,Tech Team,2
525,525,HR GENERALIST,Human Resource (Recruiting Team),2
526,526,HR SPECIALIST,Human Resource (Recruiting Team),2
527,527,BUSINESS BANKING SPECIALIST,Finance,2
529,529,MORTGAGE BANKING FORECLOSURE SPECIALIST,Finance,2
530,530,FINANCE OFFICE ASSOCIATE,Finance,3
531,531,FINANCE MANAGER,Finance,2
532,532,GENERAL HR ASSISTANT/OFFICE ASSISTANT,Human Resource (Recruiting Team),3
536,536,HR BENEFITS/LEAVE COORDINATOR,Tech Team,3
538,538,BUSINESS PROCESS ANALYST,Tech Team,2
539,539,MORTGAGE BANKING DOCUMENT MORTGAGE BANKING DOC OPS SPECIALIST,Finance,2
541,541,TRIP COORDINATOR,Supporting People,3
542,542,ACCOUNTANT,Finance,2
543,543,BRANCH BANKER III,Finance,2
544,544,CONSUMER BANKING DEFAULT MANAGEMENT SUPERVISOR,Finance,2
546,546,REGIONAL RECRUITER,Tech Team,2
547,547,MANAGER OF FINANCE,Finance,2
548,548,TEACHER ASSISTANT,Supporting People,3
550,550,BRANCH BANKER,Finance,2
551,551,HEALTHCARE CLINICAL ANALYST,Tech Team,2
552,552,INFORMATION TECHNOLOGY MANAGER,Tech Team,2
553,553,BANKING CENTER MANAGER,Finance,2
554,554,SENIOR ADVISOR AND NATIONAL FUNDRAISING DIRECTOR,Consultancy,1
555,555,MANAGER FIELD,Management Team,2
557,557,FINANCE OFFICER,Finance,2
558,558,PASSENGER SERVICE CONCOURSE MANAGER,Management Team,2
559,559,BANKING BOOT CAMP PARTICIPANT,Finance,2
560,560,SENIOR INFORMATION TECHNOLOGY MANAGER,Tech Team,1
562,562,MANAGEMENT AND PROGRAM ANALYSIS,Management Team,2
563,563,SENIOR EXERCISE SPECIALIST & SPORTS AND RECREATION COORDINATOR,Supporting People,1
566,566,HR SPECIALIST,Human Resource (Recruiting Team),2
567,567,PLANT FULFILLMENT LEADER,Management Team,1
568,568,CLINICAL STUDY COORDINATOR II,Supporting People,3
570,570,CUSTOMER SERVICE AGENT,Supporting People,2
571,571,HR COORDINATOR,Human Resource (Recruiting Team),3
572,572,ACCOUNTANT,Finance,2
573,573,CHILD CENTER ASST DEPT HEAD,Management Team,1
574,574,DIGITAL MARKETING SPECIALIST,Tech Team,2
575,575,"ASSOCIATE, INVESTMENT BANKING OPERATIONS",Finance,3
576,576,HR MANAGER,Human Resource (Recruiting Team),2
577,577,FINANCE AND SALES CONSULTANT,Finance,2
578,578,ONLINE LEARNING COORDINATOR - PROGRAM TRAINING AND SUPPORT,Supporting People,3
579,579,ACCOUNTANT,Finance,2
580,580,ACCOUNTANT,Finance,2
581,581,STAFF ACCOUNTANT,Finance,2
583,583,SALE CONSULTANT,Consultancy,2
584,584,DATABASE PROGRAMMER/ANALYST (.NET DEVELOPER),Tech Team,2
585,585,PERSONAL TRAINER,Teacher,2
586,586,BUSINESS ANALYST SR. TECHNICAL BUSINESS ANALYST,Tech Team,2
587,587,HEALTHCARE INSTRUCTIONAL ASSISTANT,Supporting People,3
589,589,ACCOUNTANT III,Finance,2
590,590,"INFORMATION TECHNOLOGY CONSULTANT, MANAGING MEMBER",Tech Team,2
591,591,"EIGHTH, NINTH AND TENTH ENGLISH TEACHER",Teacher,2
592,592,GENERAL MANAGER,Management Team,2
593,593,HUMAN RESOURCES MANAGER,Human Resource (Recruiting Team),2
594,594,DIRECTOR OF INFORMATION TECHNOLOGY,Tech Team,1
598,598,CUSTOMER SERVICE ASSOCIATE/CASHIER,Supporting People,3
599,599,ADMINISTRATIVE COORDINATOR,Supporting People,3
600,600,FINANCE DIRECTOR,Finance,1
602,602,HR ASSISTANT,Human Resource (Recruiting Team),3
603,603,STAFF ACCOUNTANT,Finance,2
605,605,CORPORATE REGIONAL RECRUITER,Tech Team,2
606,606,ACCOUNTANT I,Finance,2
607,607,SCHOOL LIBRARY MEDIA SPECIALIST,Supporting People,2
609,609,I.T. SUPPORT TECHNICIAN/SPECIALIST,Supporting People,2
610,610,DIRECTOR OF FINANCE,Finance,1
611,611,GENERAL BUSINESS MANAGEMENT,Management Team,2
612,612,4/5 GRADE TEACHER,Teacher,2
613,613,BRANCH MANAGER,Management Team,2
614,614,FINANCE ANALYST,Tech Team,2
615,615,ACCOUNTANT,Finance,2
616,616,PASSENGER SERVICES OFFICER,Supporting People,2
617,617,LICENSED PRACTICAL NURSE- STEP-DOWN UNIT,Tech Team,2
620,620,BUSINESS SYSTEMS ANALYST I,Tech Team,2
622,622,CUSTOMER SERVICE AGENT,Supporting People,2
623,623,DIRECTOR OF FINANCE,Finance,1
625,625,HR & SAFETY MANAGER,Human Resource (Recruiting Team),2
626,626,SENIOR FINANCE MANAGER,Finance,1
627,627,HR GENERALIST,Human Resource (Recruiting Team),2
628,628,HR INTERN,Human Resource (Recruiting Team),4
629,629,STAFF ACCOUNTANT,Finance,2
631,631,HR ASSOCIATE,Human Resource (Recruiting Team),3
632,632,BRANCH MANAGER/OPERATIONS MANAGER,Management Team,2
634,634,FINANCE CONTROLLER,Finance,2
635,635,PRODUCTION EXCELLENCE SPECIALIST,Supporting People,2
636,636,NATIONAL SALES MANAGER,Management Team,2
637,637,"ATHLETIC DIRECTOR, COACH, PE TEACHER",Management Team,1
640,640,6 - 8 LANGUAGE ARTS GRADE TEACHER,Teacher,2
641,641,HEALTHCARE RECRUITER,Tech Team,2
644,644,SPECIALIST OF INFANTRY,Supporting People,2
645,645,COMMUNITY ADVOCATE,Tech Team,2
646,646,DINING SERVICES COORDINATOR,Supporting People,3
647,647,ENTREPRENEUR GENERAL MANAGER,Management Team,2
648,648,TRADE FINANCE OFFICER,Finance,2
650,650,INVESTMENT ACCOUNTANT,Finance,2
651,651,REGISTERED CLIENT SERVICE ASSOCIATE,Supporting People,3
652,652,ACCOUNTANT,Finance,2
653,653,FORCE ANALYST,Tech Team,2
654,654,EXECUTIVE ASSISTANT HR,Human Resource (Recruiting Team),3
655,655,COMMUNICABLE DISEASE SPECIALIST,Supporting People,2
657,657,SHIFT SUPERVISOR,Management Team,2
659,659,INTERIM MEMBERSHIP DIRECTOR,Management Team,1
660,660,FINANCE DIRECTOR,Finance,1
661,661,HR ADMINISTRATOR,Human Resource (Recruiting Team),2
662,662,FITNESS ATTENDANT,Tech Team,2
663,663,"AVP, FINANCE",Finance,1
664,664,HEALTH INFORMATION SPECIALIST,Supporting People,2
666,666,SR. HR GENERALIST,Human Resource (Recruiting Team),2
667,667,FINANCE SUPERVISOR,Finance,2
668,668,FITNESS INSTRUCTOR,Tech Team,2
669,669,FINANCE CONSULTANT,Finance,2
671,671,ASSISTANT BOY'S BASKETBALL COACH,Supporting People,3
672,672,ACCOUNT SERVICE REPRESENTATIVE II/TECH,Supporting People,2
673,673,SPECIAL FINANCE MANAGER,Finance,2
675,675,HR COORDINATOR,Human Resource (Recruiting Team),3
676,676,FINANCIAL ACCOUNTANT,Finance,2
677,677,DIRECTOR OF INFORMATION TECHNOLOGY,Tech Team,1
678,678,AVIATION CAMP ASSISTANT,Supporting People,3
682,682,HR GENERALIST,Human Resource (Recruiting Team),2
683,683,EQUIPMENT OPERATOR AND FITNESS LEADER,Tech Team,1
684,684,TRAINING ASSISTANT,Supporting People,3
685,685,CONTRACTS AND FINANCE OFFICER,Finance,2
686,686,ASSISTANT TO MANAGING DIRECTOR,Management Team,1
687,687,ASSISTANT PRINCIPAL,Supporting People,3
689,689,FINANCE MANAGER,Finance,2
690,690,CUSTOMER SERVICE ADVOCATE,Supporting People,2
691,691,GENERAL MANAGER,Management Team,2
692,692,FINANCE MANAGER,Finance,2
693,693,STAFF ACCOUNTANT,Finance,2
694,694,AVIATION RECORDS ANALYST,Tech Team,2
696,696,CERTIFIED FITNESS TRAINER,Tech Team,2
697,697,DIRECTOR OF FINANCE,Finance,1
698,698,TECHNICAL IT HEALTHCARE CONSULTANT,Tech Team,2
699,699,SENIOR ANALYST - BUSINESS INTELLIGENCE AND ANALYTICS - HEALTHCARE,Tech Team,1
701,701,LEAD TELLER,Management Team,1
703,703,HUMAN RESOURCE/ FINANCE ANALYST,Tech Team,2
704,704,DIRECTOR OF INFORMATION TECHNOLOGY,Tech Team,1
705,705,SENIOR VICE-PRESIDENT AND CHIEF INFORMATION OFFICER,Management Team,1
706,706,MORTGAGE BANKING RESEARCH SPECIALIST,Finance,2
707,707,ACCOUNTANT,Finance,2
709,709,"DIRECTOR, QUALITY IMPROVEMENT NETWORK FACILITATION",Tech Team,1
710,710,ACCOUNTANT II,Finance,2
711,711,SUPERVISOR,Management Team,2
712,712,FOUNDER AND PROJECT MANAGER,Management Team,2
714,714,PHD CANDIDATE IN FINANCE,Finance,2
715,715,CARE COORDINATOR,Supporting People,3
716,716,PRACTICE MANAGER,Management Team,2
717,717,DIRECT CLIENT COORDINATOR- COUNSELOR/ VICTIM ADVOCATE,Supporting People,3
721,721,SECURITY BAGGAGE HANDLER/PERSONNEL SCREENER,Tech Team,2
723,723,EMERGENCY ROOM ADMITTING SPECIALIST/QUALITY ASSURANCE,Tech Team,2
724,724,BUSINESS OFFICE MANAGER,Management Team,2
725,725,HR SPECIALIST,Human Resource (Recruiting Team),2
726,726,STAFF ACCOUNTANT,Finance,2
727,727,SERVICE ADVOCATE IV- CLINICAL SUPPORT,Supporting People,2
728,728,INFORMATION TECHNOLOGY,Tech Team,2
729,729,MDS COORDINATOR,Supporting People,3
730,730,CORPORATE PROJECT MANAGER,Management Team,2
731,731,CUSTOMER SERVICE ADVOCATE,Supporting People,2
733,733,HR COORDINATOR,Human Resource (Recruiting Team),3
735,735,DIRECTOR OF INFORMATION TECHNOLOGY,Tech Team,1
738,738,ACCOMMODATION SERVICE EXECUTIVE LL,Supporting People,2
739,739,HR PAYROLL/ ACCOUNTING REPRESENTATIVE,Human Resource (Recruiting Team),2
743,743,CERTIFIED NURSING ASSISTANT,Supporting People,3
744,744,"DIRECTOR, INFORMATION TECHNOLOGY",Tech Team,1
745,745,MANAGER OF GOLF OPERATIONS,Management Team,2
746,746,OPERATIONS COORDINATOR,Supporting People,3
747,747,MARKET CONSULTANT - HEALTHCARE ADVOCATE,Consultancy,2
748,748,FINANCE MANAGER FINANCE MANAGER,Finance,2
749,749,ACCOUNTANT,Finance,2
750,750,IT MANAGER,Tech Team,2
751,751,STUDENT FINANCE CONSULTANT,Finance,2
752,752,ADMINISTRATIVE ASSISTANT,Supporting People,3
753,753,"SVP, REGIONAL SALES DIRECTOR WEALTH MANAGEMENT",Management Team,1
754,754,EPIC INFORMATION TECHNOLOGY SPECIALIST,Tech Team,2
755,755,TERADATA SENIOR ASSOCIATE CONSULTANT,Tech Team,1
756,756,ASSISTANT INFORMATION TECHNOLOGY (IT) DIRECTOR,Tech Team,1
761,761,DIRECTOR OF INFORMATION TECHNOLOGY,Tech Team,1
762,762,SOFTWARE ENGINEER,Tech Team,2
763,763,ACCOUNTANT,Finance,2
764,764,ASSISTANT BANKING CENTER MANAGER,Finance,2
765,765,MEMBERSHIP COORDINATOR,Supporting People,3
767,767,VICE PRESIDENT INFORMATION TECHNOLOGY INFRASTRUCTURE OPERATIONS,Tech Team,1
769,769,FINANCE OFFICER,Finance,2
771,771,PRODUCT SPECIALIST,Supporting People,2
772,772,HR GENERALIST,Human Resource (Recruiting Team),2
773,773,SENIOR ACCOUNTANT,Finance,1
774,774,ADMINISTRATIVE ASSISTANT,Supporting People,3
775,775,DIRECTOR OF INFORMATION TECHNOLOGY /CHIEF TECHNOLOGY OFFICER,Tech Team,1
776,776,PAYROLL ACCOUNTANT,Finance,2
777,777,PRODUCTION ASSISTANT INTERN,Supporting People,3
778,778,INFORMATION TECHNOLOGY SPECIALIST I,Tech Team,2
779,779,LEAD PHARMACY TECHNICIAN ADVOCATE - SUPERVISOR,Management Team,1
781,781,"VIDEO DIRECTOR, EAST COAST VIDEO FOR ENTERPRISE BRANDS",Management Team,1
783,783,SALES / FINANCE MANAGER,Finance,2
784,784,FINANCE MANAGER,Finance,2
785,785,QUALITY CONTROL INSPECTOR,Tech Team,2
790,790,ACCOUNTANT,Finance,2
791,791,"REGISTERED NURSE, SUPERVISOR",Management Team,2
792,792,HR ASSISTANT INTERN,Human Resource (Recruiting Team),3
793,793,LEGAL SPECIALIST III - INVESTMENT BANKING SUBPOENA COMPLIANCE,Finance,2
794,794,FINANCIAL INSTITUTIONS EXAMINER,Tech Team,2
795,795,GENERAL MANAGER,Management Team,2
796,796,VOLUNTEER ACCOUNTANT,Finance,2
797,797,ACCOUNTANT,Finance,2
798,798,INFORMATION TECHNOLOGY COORDINATOR,Tech Team,3
799,799,CERTIFIED PERSONAL TRAINER AND GROUP FITNESS INSTRUCTOR,Tech Team,2
800,800,QA TEST ANALYST,Tech Team,2
801,801,PROGRAM DIRECTOR / OFFICE MANAGER,Management Team,1
802,802,ACCOUNTANT,Finance,2
804,804,ACCOUNTANT,Finance,2
805,805,ENTREPRENEUR GENERAL MANAGER,Management Team,2
806,806,QUALITY ANALYST/SENIOR RECORD KEEPING SPECIALIST,Tech Team,1
807,807,MANAGEMENT CONSULTANT,Consultancy,2
808,808,SENIOR ACCOUNTANT,Finance,1
809,809,"SVP, BUSINESS BANKING",Finance,1
811,811,DIRECTOR OF OPERATIONS,Management Team,1
812,812,HR GENERALIST,Human Resource (Recruiting Team),2
814,814,DIRECTOR OF COMMUNITY,Tech Team,1
815,815,OFFICE MANAGER/MANAGING DIRECTOR,Management Team,1
816,816,QUALITY ASSURANCE MANAGER,Tech Team,2
818,818,SR. MORTGAGE BANKING EXECUTIVE,Finance,2
819,819,FINANCE / OFFICE MANAGER,Finance,2
820,820,SUPERVISOR ACCOUNTANT,Finance,2
821,821,ACCOUNTANT,Finance,2
823,823,INFORMATION TECHNOLOGY SPECIALIST GS11,Tech Team,2
824,824,HR SPECIALIST/ HORIZONTAL ENGINEER,Tech Team,2
826,826,COMMUNITY OUTREACH SPECIALIST,Tech Team,2
828,828,FINANCE SPECIALIST,Finance,2
830,830,ADMINISTRATION ASSISTANT,Supporting People,3
831,831,SUPERVISORY LOGISTICS MANAGEMENT SPECIALIST,Management Team,2
832,832,HR COORDINATOR,Human Resource (Recruiting Team),3
835,835,HR PERSONNEL ASSISTANT,Human Resource (Recruiting Team),3
836,836,FACILITY MANAGER,Tech Team,2
837,837,ADMINISTRATIVE OFFICE ASSISTANT,Supporting People,3
838,838,DIRECTOR OF FINANCE,Finance,1
839,839,FINANCE CUSTOMER CARE REP LEAD,Finance,1
841,841,STAFF ACCOUNTANT,Finance,2
842,842,PROCUREMENT ANALYST,Tech Team,2
843,843,EXPRESSIVE ARTS PROGRAM LEADER,Management Team,1
844,844,FINANCE COORDINATOR,Finance,3
847,847,CUSTOMER SERVICE REPRESENTACTIVE,Supporting People,2
848,848,FINANCE,Finance,2
849,849,HR ASSOCIATE,Human Resource (Recruiting Team),3
850,850,SENIOR ACCOUNTANT,Finance,1
851,851,MARKETING & SALES ANALYST,Tech Team,2
852,852,HR MANAGER,Human Resource (Recruiting Team),2
853,853,ASSISTANT MANAGER,Management Team,2
854,854,"VICE PRESIDENT, INFORMATION TECHNOLOGY",Tech Team,1
855,855,ELECTRICAL ENGINEER,Tech Team,2
856,856,HR VOLUNTEER ASST. MANAGER,Human Resource (Recruiting Team),2
857,857,ACCOUNTANT,Finance,2
858,858,CORPORATE ACCOUNTANT,Finance,2
860,860,RESEARCH ASSISTANT,Supporting People,3
861,861,"HR SPECIALIST, US HR OPERATIONS",Human Resource (Recruiting Team),2
862,862,FINANCIAL ACCOUNTANT,Finance,2
863,863,AVIATION OPERATION SPECIALIST,Supporting People,2
865,865,SENIOR MANAGER OF CUSTOMER SUPPORT,Management Team,1
866,866,IT MANAGEMENT,Tech Team,2
868,868,SOFTWARE ENGINEERING CO-OP,Tech Team,2
869,869,FINANCIAL AID SPECIALIST,Finance,2
870,870,SENIOR IMPLEMENTATION MANAGER,Management Team,1
871,871,ACCOUNTANT,Finance,2
872,872,INFORMATION TECHNOLOGY PROJECT MANAGER,Tech Team,2
874,874,BENEFIT ADVOCATE,Tech Team,2
875,875,ASSISTANT FOOTBALL COACH,Supporting People,3
876,876,ASSISTANT GENERAL/OPERATIONS MANAGER,Management Team,2
877,877,MEDICAL SUPPORT ASSISTANT (OA) GS-5 STEP 2,Supporting People,3
878,878,INTERVENTION SPECIALIST TEACHER OF MATH AND LANGUAGE ARTS,Supporting People,2
879,879,FINANCE AND ACCOUNTING SPECIALIST,Finance,2
880,880,INFORMATION TECHNOLOGY SENIOR MANAGER,Tech Team,1
881,881,TERRITORY SALES CONSULTANT,Tech Team,2
882,882,FINANCE MANAGER,Finance,2
883,883,BANK TELLER,Finance,2
884,884,MANAGER OF FINANCE,Finance,2
886,886,FINANCE DIRECTOR,Finance,1
887,887,FINANCE PROJECT COORDINATOR,Finance,3
888,888,MORTGAGE BANKING UNDERWRITER II,Tech Team,2
889,889,SENIOR ACCOUNTANT,Finance,1
891,891,HR CONSULTANT,Consultancy,2
892,892,HR CONTACT CENTER SPECIALIST,Human Resource (Recruiting Team),2
893,893,ACCOUNTANT,Finance,2
894,894,BRANCH CHIEF INFORMATION TECHNOLOGY SPECIALIST,Tech Team,1
896,896,LEAD OPERATIONS ENGINEER - GLOBAL HAWK PROJECT,Tech Team,1
898,898,INFORMATION TECHNOLOGY SPECIALIST INFORMATION SECURITY OFFICER,Tech Team,2
899,899,HEALTHCARE DOCUMENTATION SERVICES DELIVERY MANAGER,Management Team,2
901,901,FREELANCE IT CONSULTANT,Tech Team,2
902,902,CASE MANAGER,Management Team,2
904,904,COMMISSION SPECIALIST,Supporting People,2
905,905,INFORMATION TECHNOLOGY CONSULTANT,Tech Team,2
906,906,HR EXECUTIVE,Human Resource (Recruiting Team),2
909,909,ACCOUNTANT,Finance,2
910,910,DIRECTOR OF PROGRAMMING ARTS,Management Team,1
913,913,INFORMATION TECHNOLOGY DIRECTOR,Tech Team,1
915,915,DESKTOP SUPPORT ENGINEER,Tech Team,2
916,916,YOGA INSTRUCTOR,Teacher,2
917,917,ADMINISTRATIVE ASSISTANT/SITE CLERK,Tech Team,3
918,918,ADJUNCT INSTRUCTOR,Teacher,2
919,919,SUPPLY CHAIN MANAGER,Management Team,2
920,920,SENIOR ANALYST DATA QUALITY & GOVERNANCE,Tech Team,1
921,921,PROJECT MANAGER,Management Team,2
922,922,ENGINEER,Tech Team,2
925,925,STAFFING COORDINATOR,Supporting People,3
926,926,CHILD ADVOCATE MANAGER,Management Team,2
927,927,SENIOR CUSTOMER SERVICE ADVOCATE,Supporting People,1
928,928,INFORMATION TECHNOLOGY MANAGER,Tech Team,2
929,929,FINANCE MANAGER,Finance,2
930,930,"CORPORATE FACILITATOR, PERFORMANCE COACH AND DEVELOPER",Tech Team,2
931,931,ASSOCIATE CLAIM PROCESSOR/MEMBER SERVICE ADVOCATE,Supporting People,3
932,932,PATIENT EXPERIENCE MANAGER,Management Team,2
933,933,REGIONAL HR BUSINESS PARTNER,Human Resource (Recruiting Team),2
935,935,"SENIOR HR MANAGER, HR BUSINESS PARTNER",Human Resource (Recruiting Team),1
937,937,AUDIT AND RECOVERY SPECIALIST,Tech Team,2
938,938,QUALITY ASSURANCE ADVOCATE,Tech Team,2
939,939,INFORMATION TECHNOLOGY SPECIALIST (INFOSEC),Tech Team,2
940,940,INSTRUCTOR/WRITER,Tech Team,2
942,942,DISTRICT MANAGER,Management Team,2
943,943,HR ASSISTANT III,Human Resource (Recruiting Team),3
944,944,INVESTMENT BANKING SUMMER ANALYST,Tech Team,2
945,945,HR SPECIALIST,Human Resource (Recruiting Team),2
947,947,REGIONAL HR MANAGER,Human Resource (Recruiting Team),2
949,949,INFORMATION TECHNOLOGY SPECIALIST,Tech Team,2
950,950,ACCOUNTANT,Finance,2
951,951,INFORMATION TECHNOLOGY MANAGER,Tech Team,2
952,952,FINANCE MANAGER,Finance,2
953,953,STAFF ACCOUNTANT,Finance,2
955,955,V/P COMMERCIAL RELATIONSHIP MANAGER,Management Team,2
957,957,MERCHANT SERVICES ADVOCATE,Supporting People,2
958,958,CERTIFIED MASTER PERSONAL TRAINER,Teacher,2
959,959,RELATIONSHIP SUPPORT OFFICER,Supporting People,2
961,961,DANCE EDUCATOR,Teacher,2
963,963,FINANCE MANAGER,Finance,2
965,965,GENERAL ACCOUNTANT,Finance,2
968,968,SENIOR MARKETING AUTOMATION CONSULTANT,Consultancy,1
970,970,REVOLVING CREDIT SUPPORT SPECIALIST,Tech Team,2
971,971,PERSONAL BANKER(SAFE)1 AND BUSINESS ADVOCATE,Finance,2
972,972,MATERIAL AND TOOLING CONTROL LEAD,Management Team,1
973,973,STAFF ASSISTANT,Supporting People,3
974,974,PROGRAM MANAGER,Management Team,2
975,975,INSIDE ACCOUNT MANAGER,Management Team,2
976,976,FINANCE MANAGER,Finance,2
977,977,ACCOUNTANT,Finance,2
978,978,SENIOR STUDENT FINANCE SPECIALIST,Finance,1
979,979,INFORMATION TECHNOLOGY ANALYST,Tech Team,2
980,980,FINANCE MANAGER,Finance,2
981,981,HR SHARED SERVICES ANALYST,Tech Team,2
982,982,RECREATION & SPORTS COORDINATOR,Supporting People,3
983,983,COORDINATOR OF STUDENT PERSONNEL SERVICES,Supporting People,3
984,984,MEDICAL SUPPORT ASSISTANT,Supporting People,3
985,985,HR ADMINISTRATOR/MARKETING ASSOCIATE HR ADMINISTRATOR,Human Resource (Recruiting Team),3
986,986,FITNESS DIRECTOR,Tech Team,1
987,987,"DIRECTOR, CLINICAL RESEARCH OPERATIONS & MEDICAL SCIENCE LIAISON",Management Team,1
988,988,IT DIRECTOR,Tech Team,1
989,989,LEAD AEROSPACE ASSEMBLER,Management Team,1
990,990,AVIATION FUEL QUALITY CONTROL SPECIALIST,Tech Team,2
991,991,SENIOR MANAGER -NATIONAL SALES FINANCE,Finance,1
993,993,OPERATIONS FINANCE DIRECTOR,Finance,1
994,994,SENIOR MANAGER/SPECIALIST LEADER HEALTHCARE,Management Team,1
995,995,CULINARY ARTS INSTRUCTOR,Teacher,2
997,997,INFORMATION TECHNOLOGY TECHNICIAN I,Tech Team,2
998,998,DEALERSHIP FINANCE MANAGER,Finance,2
999,999,INFORMATION TECHNOLOGY AND AWS ADMIN INTERN,Tech Team,4
